{
  "_comment": "Amazon PPC Optimizer v2 - Rate Limit Optimized Configuration",
  "_version": "2.1.0",
  "_last_updated": "2025-10-11",
  
  "amazon_api": {
    "region": "NA",
    "profile_id": "YOUR_PROFILE_ID_HERE",
    "client_id": "YOUR_CLIENT_ID_HERE",
    "client_secret": "YOUR_CLIENT_SECRET_HERE",
    "refresh_token": "YOUR_REFRESH_TOKEN_HERE",
    
    "_rate_limiting_comment": "Enhanced rate limiting settings to avoid HTTP 425/429 errors",
    "rate_limiting": {
      "request_delay_seconds": 5.0,
      "min_delay": 3.0,
      "max_delay": 15.0,
      "max_retries": 5,
      "base_retry_delay": 5,
      "max_retry_delay": 120,
      "report_poll_interval": 10.0,
      "report_max_wait_seconds": 600,
      "enable_token_bucket": true,
      "tokens_per_second": 0.2,
      "bucket_size": 3
    },
    
    "_caching_comment": "Cache settings to reduce redundant API calls",
    "caching": {
      "enabled": true,
      "cache_directory": "./cache",
      "cache_lifetime_hours": 4,
      "cache_reports": true,
      "cache_campaigns": true,
      "cache_keywords": true
    }
  },
  
  "optimization_rules": {
    "_comment": "Bid optimization thresholds and limits",
    "lookback_days": 14,
    "min_clicks": 10,
    "min_spend": 5.0,
    "target_acos": 0.45,
    "high_acos": 0.60,
    "low_acos": 0.25,
    "min_ctr": 0.003,
    "up_pct": 0.15,
    "down_pct": 0.20,
    "min_bid": 0.25,
    "max_bid": 5.00,
    
    "_batch_comment": "Batch processing to reduce API calls",
    "batch_size": 100,
    "max_keywords_per_batch": 100
  },
  
  "campaign_management": {
    "enabled": true,
    "acos_threshold": 0.45,
    "min_spend": 20.0,
    "auto_activate": true,
    "auto_pause": true
  },
  
  "campaign_filtering": {
    "_comment": "Filter campaigns to reduce API load for high-frequency runs",
    "enabled": false,
    "filter_type": "percentage",
    "_filter_types": "Options: percentage, pattern, ids, state, combined",
    
    "_percentage_filtering": "Top N% of campaigns by spend/conversions/clicks",
    "percentage": 50,
    "lookback_days": 14,
    "metric": "spend",
    "_available_metrics": "spend, conversions, clicks, impressions",
    
    "_pattern_filtering": "Filter by campaign name patterns",
    "patterns": ["Brand", "High Priority", "Top Seller"],
    "case_sensitive": false,
    "match_type": "contains",
    "_match_types": "contains, startswith, endswith, regex",
    
    "_id_filtering": "Filter by specific campaign IDs",
    "campaign_ids": [],
    
    "_state_filtering": "Filter by campaign state",
    "states": ["enabled"],
    "include_paused": false,
    
    "_combined_filtering": "Use multiple filters together",
    "combine_logic": "AND",
    "_combine_options": "AND (all filters must match), OR (any filter matches)",
    
    "_usage_examples": [
      "Top 50% by spend: filter_type=percentage, percentage=50, metric=spend",
      "Brand campaigns: filter_type=pattern, patterns=['Brand']",
      "Specific campaigns: filter_type=ids, campaign_ids=['123','456']",
      "Enabled only: filter_type=state, states=['enabled']"
    ]
  },
  
  "keyword_discovery": {
    "enabled": true,
    "min_clicks": 5,
    "max_acos": 0.40,
    "initial_bid": 0.75,
    "max_keywords_per_run": 50,
    "_comment": "Limit keywords per run to reduce API load"
  },
  
  "negative_keywords": {
    "enabled": true,
    "min_spend": 10.0,
    "max_acos": 1.0,
    "auto_add": true
  },
  
  "features": {
    "enabled": [
      "bid_optimization",
      "campaign_management",
      "keyword_discovery",
      "negative_keywords"
    ],
    "_comment": "Dayparting removed to reduce complexity and API calls"
  },
  
  "logging": {
    "level": "INFO",
    "output_dir": "./logs",
    "audit_trail": true
  },
  
  "execution": {
    "_comment": "Recommended execution schedule",
    "recommended_frequency_hours": 6,
    "_warning": "Running more frequently than 6 hours may trigger rate limits",
    "dry_run_first": true
  },
  
  "performance": {
    "_comment": "Performance optimization settings",
    "use_batch_updates": true,
    "parallel_processing": false,
    "_note": "Parallel processing disabled to avoid rate limits"
  }
}
