
{
  "amazon_api": {
    "region": "NA",
    "profile_id": "YOUR_PROFILE_ID_HERE",
    "client_id": "YOUR_CLIENT_ID_HERE",
    "client_secret": "YOUR_CLIENT_SECRET_HERE",
    "refresh_token": "YOUR_REFRESH_TOKEN_HERE"
  },
  "optimization_rules": {
    "lookback_days": 21,
    "min_clicks": 25,
    "min_spend": 10.0,
    "target_acos": 0.50,
    "high_acos": 0.70,
    "low_acos": 0.30,
    "min_ctr": 0.003,
    "up_pct": 0.10,
    "down_pct": 0.10,
    "min_bid": 0.30,
    "max_bid": 3.00
  },
  "dayparting": {
    "enabled": true,
    "peak_hours": [9, 10, 11, 12, 13, 14, 15, 16, 17],
    "peak_multiplier": 1.10,
    "off_peak_multiplier": 0.90,
    "day_multipliers": {
      "MONDAY": 1.0,
      "TUESDAY": 1.0,
      "WEDNESDAY": 1.0,
      "THURSDAY": 1.0,
      "FRIDAY": 1.0,
      "SATURDAY": 1.0,
      "SUNDAY": 1.0
    }
  },
  "campaign_management": {
    "enabled": true,
    "acos_threshold": 0.60,
    "min_spend": 30.0,
    "auto_activate": true,
    "auto_pause": false
  },
  "features": {
    "enabled": [
      "bid_optimization",
      "dayparting"
    ]
  }
}
