
{
  "amazon_api": {
    "region": "NA",
    "profile_id": "YOUR_PROFILE_ID_HERE",
    "client_id": "YOUR_CLIENT_ID_HERE",
    "client_secret": "YOUR_CLIENT_SECRET_HERE",
    "refresh_token": "YOUR_REFRESH_TOKEN_HERE"
  },
  "optimization_rules": {
    "lookback_days": 7,
    "min_clicks": 5,
    "min_spend": 3.0,
    "target_acos": 0.35,
    "high_acos": 0.50,
    "low_acos": 0.20,
    "min_ctr": 0.005,
    "up_pct": 0.25,
    "down_pct": 0.30,
    "min_bid": 0.20,
    "max_bid": 8.00
  },
  "dayparting": {
    "enabled": true,
    "peak_hours": [6, 7, 8, 9, 10, 11, 12, 13, 14, 15, 16, 17, 18, 19, 20, 21, 22],
    "peak_multiplier": 1.40,
    "off_peak_multiplier": 0.70,
    "day_multipliers": {
      "MONDAY": 1.0,
      "TUESDAY": 1.0,
      "WEDNESDAY": 1.0,
      "THURSDAY": 1.1,
      "FRIDAY": 1.2,
      "SATURDAY": 1.4,
      "SUNDAY": 1.3
    }
  },
  "campaign_management": {
    "enabled": true,
    "acos_threshold": 0.40,
    "min_spend": 15.0,
    "auto_activate": true,
    "auto_pause": true
  },
  "keyword_discovery": {
    "enabled": true,
    "min_clicks": 3,
    "max_acos": 0.35,
    "initial_bid": 1.00,
    "max_keywords_per_run": 100
  },
  "negative_keywords": {
    "enabled": true,
    "min_spend": 5.0,
    "max_acos": 0.80,
    "auto_add": true
  },
  "features": {
    "enabled": [
      "bid_optimization",
      "dayparting",
      "campaign_management",
      "keyword_discovery",
      "negative_keywords"
    ]
  }
}
